,time,open,high,low,close,tick_volume,spread,real_volume,Previous_High,Previous_Low,BOS_Up,BOS_Down,BOS_Signal
0,1743016500,3016.894,3017.237,3016.408,3016.929,426,112,0,,,False,False,No BOS
1,1743016800,3016.929,3018.318,3016.895,3017.586,418,112,0,,,False,False,No BOS
2,1743017100,3017.589,3017.774,3017.007,3017.271,388,111,0,,,False,False,No BOS
3,1743017400,3017.295,3017.724,3016.443,3017.074,422,112,0,,,False,False,No BOS
4,1743017700,3017.067,3017.591,3016.038,3016.359,414,112,0,,,False,False,No BOS
5,1743018000,3016.374,3016.903,3015.968,3016.642,329,112,0,3018.318,3016.038,False,False,No BOS
6,1743018300,3016.681,3017.304,3016.671,3017.025,351,112,0,3018.318,3015.968,False,False,No BOS
7,1743018600,3017.039,3017.769,3016.353,3017.733,441,112,0,3017.774,3015.968,False,False,No BOS
8,1743018900,3017.685,3018.163,3017.038,3017.366,457,112,0,3017.769,3015.968,False,False,No BOS
9,1743019200,3017.391,3018.694,3017.186,3018.401,293,112,0,3018.163,3015.968,True,False,Bullish BOS
10,1743019500,3018.422,3018.818,3018.422,3018.598,222,112,0,3018.694,3015.968,False,False,No BOS
11,1743019800,3018.595,3020.256,3018.382,3019.823,252,112,0,3018.818,3016.353,True,False,Bullish BOS
12,1743020100,3019.861,3020.477,3019.507,3019.647,287,112,0,3020.256,3016.353,False,False,No BOS
13,1743020400,3019.669,3020.467,3019.334,3019.455,315,112,0,3020.477,3017.038,False,False,No BOS
14,1743020700,3019.453,3020.021,3019.418,3019.656,177,112,0,3020.477,3017.186,False,False,No BOS
15,1743021000,3019.649,3019.981,3019.513,3019.811,202,112,0,3020.477,3018.382,False,False,No BOS
16,1743021300,3019.813,3021.78,3019.08,3021.191,473,112,0,3020.477,3018.382,True,False,Bullish BOS
17,1743021600,3021.167,3021.872,3020.178,3020.347,526,112,0,3021.78,3019.08,False,False,No BOS
18,1743021900,3020.349,3021.102,3020.12,3020.185,319,112,0,3021.872,3019.08,False,False,No BOS
19,1743022200,3020.18,3020.436,3019.266,3019.49,314,112,0,3021.872,3019.08,False,False,No BOS
20,1743022500,3019.483,3019.75,3018.839,3018.99,245,112,0,3021.872,3019.08,False,True,Bearish BOS
21,1743026400,3020.517,3021.07,3020.036,3020.565,404,112,0,3021.872,3018.839,False,False,No BOS
22,1743026700,3020.537,3020.537,3019.083,3019.197,655,112,0,3021.872,3018.839,False,False,No BOS
23,1743027000,3019.172,3019.848,3018.612,3018.652,426,112,0,3021.102,3018.839,False,True,Bearish BOS
24,1743027300,3018.673,3021.075,3018.061,3020.929,530,112,0,3021.07,3018.612,False,False,No BOS
25,1743027600,3020.865,3021.202,3020.362,3020.584,294,112,0,3021.075,3018.061,False,False,No BOS
26,1743027900,3020.597,3021.07,3020.366,3020.596,262,112,0,3021.202,3018.061,False,False,No BOS
27,1743028200,3020.555,3020.559,3019.914,3020.156,382,112,0,3021.202,3018.061,False,False,No BOS
28,1743028500,3020.158,3020.461,3019.537,3019.736,344,112,0,3021.202,3018.061,False,False,No BOS
29,1743028800,3019.728,3020.691,3018.809,3019.639,363,112,0,3021.202,3018.061,False,False,No BOS
30,1743029100,3019.642,3020.218,3019.492,3019.935,224,112,0,3021.202,3018.809,False,False,No BOS
31,1743029400,3019.915,3020.125,3019.093,3019.605,186,112,0,3021.07,3018.809,False,False,No BOS
32,1743029700,3019.645,3019.736,3018.886,3019.497,188,112,0,3020.691,3018.809,False,False,No BOS
33,1743030000,3019.449,3019.602,3018.465,3018.711,239,112,0,3020.691,3018.809,False,True,Bearish BOS
34,1743030300,3018.704,3019.716,3017.607,3019.716,401,112,0,3020.691,3018.465,False,False,No BOS
35,1743030600,3019.709,3020.628,3019.367,3019.458,337,112,0,3020.218,3017.607,False,False,No BOS
36,1743030900,3019.409,3019.538,3018.59,3018.763,256,112,0,3020.628,3017.607,False,False,No BOS
37,1743031200,3018.763,3019.978,3018.319,3019.714,394,112,0,3020.628,3017.607,False,False,No BOS
38,1743031500,3019.728,3020.74,3018.967,3020.634,410,112,0,3020.628,3017.607,True,False,Bullish BOS
39,1743031800,3020.664,3021.162,3020.359,3020.75,266,112,0,3020.74,3017.607,True,False,Bullish BOS
40,1743032100,3020.746,3021.277,3019.819,3019.969,379,112,0,3021.162,3018.319,False,False,No BOS
41,1743032400,3019.927,3020.547,3019.706,3020.335,212,112,0,3021.277,3018.319,False,False,No BOS
42,1743032700,3020.408,3021.667,3020.408,3021.667,315,112,0,3021.277,3018.319,True,False,Bullish BOS
43,1743033000,3021.608,3021.778,3021.243,3021.394,275,112,0,3021.667,3018.967,False,False,No BOS
44,1743033300,3021.394,3021.724,3021.158,3021.647,243,112,0,3021.778,3019.706,False,False,No BOS
45,1743033600,3021.587,3024.016,3021.546,3023.83,528,112,0,3021.778,3019.706,True,False,Bullish BOS
46,1743033900,3023.834,3025.122,3022.582,3022.798,682,111,0,3024.016,3019.706,False,False,No BOS
47,1743034200,3022.774,3023.549,3022.487,3023.319,493,112,0,3025.122,3020.408,False,False,No BOS
48,1743034500,3023.321,3023.321,3022.403,3022.66,257,112,0,3025.122,3021.158,False,False,No BOS
49,1743034800,3022.661,3023.715,3022.351,3023.548,303,112,0,3025.122,3021.158,False,False,No BOS
50,1743035100,3023.551,3023.756,3022.704,3023.386,370,112,0,3025.122,3021.546,False,False,No BOS
51,1743035400,3023.357,3023.826,3022.153,3022.153,318,112,0,3025.122,3022.351,False,True,Bearish BOS
52,1743035700,3022.091,3022.363,3021.683,3021.914,332,112,0,3023.826,3022.153,False,True,Bearish BOS
53,1743036000,3021.887,3023.327,3021.794,3023.165,316,112,0,3023.826,3021.683,False,False,No BOS
54,1743036300,3023.164,3024.031,3023.022,3023.728,310,112,0,3023.826,3021.683,False,False,No BOS
55,1743036600,3023.753,3024.94,3023.672,3024.881,330,112,0,3024.031,3021.683,True,False,Bullish BOS
56,1743036900,3024.883,3025.776,3024.432,3025.365,444,112,0,3024.94,3021.683,True,False,Bullish BOS
57,1743037200,3025.376,3027.195,3025.222,3026.495,847,112,0,3025.776,3021.683,True,False,Bullish BOS
58,1743037500,3026.488,3027.199,3025.725,3025.82,616,112,0,3027.195,3021.794,False,False,No BOS
59,1743037800,3025.852,3026.53,3025.04,3025.532,673,111,0,3027.199,3023.022,False,False,No BOS
60,1743038100,3025.526,3026.607,3024.957,3026.442,654,112,0,3027.199,3023.672,False,False,No BOS
61,1743038400,3026.371,3027.848,3026.147,3027.333,648,112,0,3027.199,3024.432,True,False,Bullish BOS
62,1743038700,3027.377,3028.416,3026.702,3026.967,644,112,0,3027.848,3024.957,False,False,No BOS
63,1743039000,3026.966,3027.481,3025.825,3025.853,492,112,0,3028.416,3024.957,False,False,No BOS
64,1743039300,3025.828,3027.466,3025.304,3026.381,618,112,0,3028.416,3024.957,False,False,No BOS
65,1743039600,3026.354,3027.067,3024.283,3024.67,779,111,0,3028.416,3024.957,False,True,Bearish BOS
66,1743039900,3024.606,3025.372,3023.392,3024.027,731,111,0,3028.416,3024.283,False,True,Bearish BOS
67,1743040200,3024.074,3024.35,3023.645,3024.052,630,112,0,3028.416,3023.392,False,False,No BOS
68,1743040500,3024.083,3024.257,3023.016,3023.588,478,112,0,3027.481,3023.392,False,False,No BOS
69,1743040800,3023.607,3024.931,3023.214,3024.854,631,112,0,3027.466,3023.016,False,False,No BOS
70,1743041100,3024.87,3026.139,3024.726,3025.927,651,112,0,3027.067,3023.016,False,False,No BOS
71,1743041400,3026.021,3026.66,3025.555,3026.124,620,112,0,3026.139,3023.016,False,False,No BOS
72,1743041700,3026.136,3026.991,3025.992,3026.725,468,112,0,3026.66,3023.016,True,False,Bullish BOS
73,1743042000,3026.766,3027.654,3026.437,3027.249,503,112,0,3026.991,3023.016,True,False,Bullish BOS
74,1743042300,3027.31,3027.544,3026.555,3027.271,505,112,0,3027.654,3023.214,False,False,No BOS
75,1743042600,3027.289,3028.742,3027.141,3028.648,637,112,0,3027.654,3024.726,True,False,Bullish BOS
76,1743042900,3028.633,3030.392,3028.576,3030.117,728,112,0,3028.742,3025.555,True,False,Bullish BOS
77,1743043200,3030.144,3032.834,3029.662,3031.396,921,112,0,3030.392,3025.992,True,False,Bullish BOS
78,1743043500,3031.372,3031.753,3029.504,3030.681,867,112,0,3032.834,3026.437,False,False,No BOS
79,1743043800,3030.694,3031.85,3030.25,3031.69,693,112,0,3032.834,3026.555,False,False,No BOS
80,1743044100,3031.685,3032.159,3031.052,3031.675,666,112,0,3032.834,3027.141,False,False,No BOS
81,1743044400,3031.679,3031.993,3030.153,3030.274,718,112,0,3032.834,3028.576,False,False,No BOS
82,1743044700,3030.232,3031.198,3029.678,3030.324,606,112,0,3032.834,3029.504,False,False,No BOS
83,1743045000,3030.288,3031.78,3030.097,3031.352,642,111,0,3032.159,3029.504,False,False,No BOS
84,1743045300,3031.347,3031.952,3030.8,3030.947,512,112,0,3032.159,3029.678,False,False,No BOS
85,1743045600,3031.021,3032.389,3030.953,3031.402,476,112,0,3032.159,3029.678,False,False,No BOS
86,1743045900,3031.365,3032.031,3030.928,3031.929,535,112,0,3032.389,3029.678,False,False,No BOS
87,1743046200,3031.925,3032.596,3031.3,3031.357,377,111,0,3032.389,3029.678,False,False,No BOS
88,1743046500,3031.406,3032.236,3030.962,3032.236,357,112,0,3032.596,3030.097,False,False,No BOS
89,1743046800,3032.283,3033.62,3031.883,3032.536,503,112,0,3032.596,3030.8,False,False,No BOS
90,1743047100,3032.569,3033.087,3032.202,3032.438,316,112,0,3033.62,3030.928,False,False,No BOS
91,1743047400,3032.422,3033.235,3032.306,3033.094,284,112,0,3033.62,3030.928,False,False,No BOS
92,1743047700,3033.091,3034.31,3032.953,3033.592,425,111,0,3033.62,3030.962,False,False,No BOS
93,1743048000,3033.634,3033.9,3033.047,3033.856,334,112,0,3034.31,3030.962,False,False,No BOS
94,1743048300,3033.927,3035.948,3033.502,3035.046,483,112,0,3034.31,3031.883,True,False,Bullish BOS
95,1743048600,3035.084,3035.708,3034.367,3035.077,509,112,0,3035.948,3032.202,False,False,No BOS
96,1743048900,3035.046,3035.418,3034.378,3035.243,434,111,0,3035.948,3032.306,False,False,No BOS
97,1743049200,3035.218,3035.89,3034.569,3035.882,401,111,0,3035.948,3032.953,False,False,No BOS
98,1743049500,3035.888,3037.511,3035.777,3037.202,529,111,0,3035.948,3033.047,True,False,Bullish BOS
99,1743049800,3037.175,3037.819,3036.666,3037.286,641,112,0,3037.511,3033.502,False,False,No BOS
100,1743050100,3037.293,3038.656,3035.906,3035.906,567,112,0,3037.819,3034.367,False,False,No BOS
101,1743050400,3035.88,3036.077,3034.435,3034.633,582,112,0,3038.656,3034.378,False,False,No BOS
102,1743050700,3034.583,3034.886,3032.247,3032.488,682,112,0,3038.656,3034.435,False,True,Bearish BOS
103,1743051000,3032.483,3033.779,3031.777,3033.551,484,112,0,3038.656,3032.247,False,False,No BOS
104,1743051300,3033.488,3034.383,3033.306,3034.088,510,112,0,3038.656,3031.777,False,False,No BOS
105,1743051600,3034.124,3034.837,3033.539,3033.539,417,112,0,3038.656,3031.777,False,False,No BOS
106,1743051900,3033.532,3034.394,3032.118,3032.531,517,112,0,3036.077,3031.777,False,False,No BOS
107,1743052200,3032.49,3033.897,3031.677,3033.897,461,112,0,3034.886,3031.777,False,False,No BOS
108,1743052500,3033.852,3035.42,3033.606,3035.321,589,111,0,3034.837,3031.677,True,False,Bullish BOS
109,1743052800,3035.348,3035.931,3034.424,3034.424,451,112,0,3035.42,3031.677,False,False,No BOS
110,1743053100,3034.437,3034.437,3032.49,3032.49,432,112,0,3035.931,3031.677,False,False,No BOS
111,1743053400,3032.518,3033.711,3031.591,3033.488,577,112,0,3035.931,3031.677,False,False,No BOS
112,1743053700,3033.494,3035.065,3032.323,3034.797,690,111,0,3035.931,3031.591,False,False,No BOS
113,1743054000,3034.853,3035.515,3033.152,3033.202,725,112,0,3035.931,3031.591,False,False,No BOS
114,1743054300,3033.177,3033.238,3031.563,3032.409,488,112,0,3035.931,3031.591,False,False,No BOS
115,1743054600,3032.381,3032.73,3030.588,3030.943,620,112,0,3035.515,3031.563,False,True,Bearish BOS
116,1743054900,3030.976,3031.726,3029.375,3029.724,710,112,0,3035.515,3030.588,False,True,Bearish BOS
117,1743055200,3029.732,3032.028,3027.908,3032.019,796,111,0,3035.515,3029.375,False,False,No BOS
118,1743055500,3032.023,3033.298,3029.075,3029.482,744,112,0,3035.515,3027.908,False,False,No BOS
119,1743055800,3029.456,3030.619,3028.427,3030.212,755,112,0,3033.298,3027.908,False,False,No BOS
120,1743056100,3030.224,3031.04,3029.241,3029.802,672,112,0,3033.298,3027.908,False,False,No BOS
121,1743056400,3029.867,3030.225,3028.828,3028.986,760,111,0,3033.298,3027.908,False,False,No BOS
122,1743056700,3028.873,3029.429,3027.49,3027.983,819,112,0,3033.298,3027.908,False,False,No BOS
123,1743057000,3027.93,3028.738,3027.631,3028.226,897,112,0,3033.298,3027.49,False,False,No BOS
124,1743057300,3028.26,3028.668,3027.379,3027.754,681,112,0,3031.04,3027.49,False,False,No BOS
125,1743057600,3027.837,3028.346,3027.563,3027.836,672,112,0,3031.04,3027.379,False,False,No BOS
126,1743057900,3027.833,3028.97,3026.699,3028.662,876,112,0,3030.225,3027.379,False,False,No BOS
127,1743058200,3028.67,3030.116,3028.67,3030.027,721,112,0,3029.429,3026.699,True,False,Bullish BOS
128,1743058500,3029.991,3030.343,3028.275,3029.942,985,111,0,3030.116,3026.699,False,False,No BOS
129,1743058800,3030.004,3031.616,3029.238,3031.096,796,112,0,3030.343,3026.699,True,False,Bullish BOS
130,1743059100,3031.131,3034.2,3031.131,3033.04,825,112,0,3031.616,3026.699,True,False,Bullish BOS
131,1743059400,3033.08,3033.593,3030.979,3031.697,698,112,0,3034.2,3026.699,False,False,No BOS
132,1743059700,3031.678,3032.662,3030.976,3032.012,713,112,0,3034.2,3028.275,False,False,No BOS
133,1743060000,3031.999,3032.478,3031.026,3031.502,676,111,0,3034.2,3028.275,False,False,No BOS
134,1743060300,3031.534,3031.845,3030.868,3031.217,729,112,0,3034.2,3029.238,False,False,No BOS
135,1743060600,3031.252,3031.402,3029.629,3030.282,695,112,0,3034.2,3030.868,False,True,Bearish BOS
136,1743060900,3030.33,3032.506,3030.305,3032.462,595,112,0,3033.593,3029.629,False,False,No BOS
137,1743061200,3032.46,3033.723,3032.186,3033.497,638,112,0,3032.662,3029.629,True,False,Bullish BOS
138,1743061500,3033.502,3035.477,3032.501,3034.053,983,112,0,3033.723,3029.629,True,False,Bullish BOS
139,1743061800,3034.142,3036.697,3033.664,3035.97,1385,112,0,3035.477,3029.629,True,False,Bullish BOS
140,1743062100,3035.917,3036.767,3035.578,3035.874,1043,111,0,3036.697,3029.629,False,False,No BOS
141,1743062400,3035.851,3036.589,3034.332,3036.542,1307,112,0,3036.767,3030.305,False,False,No BOS
142,1743062700,3036.548,3037.692,3035.708,3037.423,973,112,0,3036.767,3032.186,True,False,Bullish BOS
143,1743063000,3037.449,3037.889,3036.243,3037.529,807,112,0,3037.692,3032.501,False,False,No BOS
144,1743063300,3037.504,3037.584,3036.438,3037.071,598,112,0,3037.889,3033.664,False,False,No BOS
145,1743063600,3037.076,3038.052,3035.467,3036.454,736,112,0,3037.889,3034.332,False,False,No BOS
146,1743063900,3036.461,3037.012,3035.438,3036.169,687,112,0,3038.052,3034.332,False,False,No BOS
147,1743064200,3036.145,3036.766,3034.607,3034.657,583,112,0,3038.052,3035.438,False,True,Bearish BOS
148,1743064500,3034.72,3035.258,3033.894,3034.476,685,112,0,3038.052,3034.607,False,True,Bearish BOS
149,1743064800,3034.436,3034.811,3033.798,3033.985,664,112,0,3038.052,3033.894,False,False,No BOS
150,1743065100,3033.959,3035.971,3033.783,3035.899,594,112,0,3038.052,3033.798,False,False,No BOS
151,1743065400,3035.94,3037.461,3035.94,3037.054,869,112,0,3037.012,3033.783,True,False,Bullish BOS
152,1743065700,3037.166,3037.378,3035.52,3036.179,659,112,0,3037.461,3033.783,False,False,No BOS
153,1743066000,3036.169,3038.396,3035.479,3037.208,689,112,0,3037.461,3033.783,False,False,No BOS
154,1743066300,3037.204,3037.204,3035.918,3036.902,486,112,0,3038.396,3033.783,False,False,No BOS
155,1743066600,3036.95,3037.264,3036.458,3036.531,407,112,0,3038.396,3033.783,False,False,No BOS
156,1743066900,3036.545,3036.81,3035.374,3036.713,558,112,0,3038.396,3035.479,False,False,No BOS
157,1743067200,3036.657,3037.041,3035.296,3035.508,473,111,0,3038.396,3035.374,False,False,No BOS
158,1743067500,3035.483,3035.933,3034.625,3035.786,575,112,0,3038.396,3035.296,False,False,No BOS
159,1743067800,3035.854,3036.07,3035.082,3036.0,556,112,0,3037.264,3034.625,False,False,No BOS
160,1743068100,3036.001,3036.768,3035.985,3036.084,327,112,0,3037.264,3034.625,False,False,No BOS
161,1743068400,3036.095,3036.669,3034.648,3035.737,513,111,0,3037.041,3034.625,False,False,No BOS
162,1743068700,3035.663,3037.353,3035.048,3037.353,493,112,0,3037.041,3034.625,True,False,Bullish BOS
163,1743069000,3037.35,3038.44,3037.115,3037.979,395,111,0,3037.353,3034.625,True,False,Bullish BOS
164,1743069300,3037.999,3041.065,3037.923,3039.949,726,112,0,3038.44,3034.648,True,False,Bullish BOS
165,1743069600,3040.053,3043.227,3039.821,3041.637,990,112,0,3041.065,3034.648,True,False,Bullish BOS
166,1743069900,3041.627,3046.227,3041.573,3044.99,1045,112,0,3043.227,3034.648,True,False,Bullish BOS
167,1743070200,3045.022,3046.722,3045.022,3046.023,1019,112,0,3046.227,3035.048,False,False,No BOS
168,1743070500,3046.023,3050.794,3046.023,3049.805,1130,111,0,3046.722,3037.115,True,False,Bullish BOS
169,1743070800,3049.741,3050.97,3047.302,3050.901,1047,111,0,3050.794,3037.923,True,False,Bullish BOS
170,1743071100,3050.867,3053.453,3050.501,3052.102,1035,112,0,3050.97,3039.821,True,False,Bullish BOS
171,1743071400,3052.126,3054.647,3050.936,3052.972,1406,112,0,3053.453,3041.573,False,False,No BOS
172,1743071700,3053.009,3055.922,3052.355,3052.355,1242,112,0,3054.647,3045.022,False,False,No BOS
173,1743072000,3052.408,3054.447,3051.823,3052.433,1062,112,0,3055.922,3046.023,False,False,No BOS
174,1743072300,3052.427,3054.401,3051.455,3054.239,988,112,0,3055.922,3047.302,False,False,No BOS
175,1743072600,3054.269,3054.686,3052.674,3052.893,974,112,0,3055.922,3050.501,False,False,No BOS
176,1743072900,3052.826,3052.882,3051.283,3051.411,784,112,0,3055.922,3050.936,False,False,No BOS
177,1743073200,3051.448,3053.318,3050.502,3051.986,1010,112,0,3055.922,3051.283,False,False,No BOS
178,1743073500,3051.977,3053.576,3051.588,3052.319,676,112,0,3054.686,3050.502,False,False,No BOS
179,1743073800,3052.355,3054.189,3051.97,3053.252,973,112,0,3054.686,3050.502,False,False,No BOS
180,1743074100,3053.219,3055.668,3051.993,3052.68,845,112,0,3054.686,3050.502,False,False,No BOS
181,1743074400,3052.655,3052.655,3051.253,3051.401,644,112,0,3055.668,3050.502,False,False,No BOS
182,1743074700,3051.421,3051.601,3048.821,3049.854,865,112,0,3055.668,3050.502,False,True,Bearish BOS
183,1743075000,3049.889,3052.802,3049.742,3052.405,790,111,0,3055.668,3048.821,False,False,No BOS
184,1743075300,3052.409,3052.92,3051.012,3052.34,668,112,0,3055.668,3048.821,False,False,No BOS
185,1743075600,3052.335,3053.373,3052.186,3052.556,481,112,0,3055.668,3048.821,False,False,No BOS
186,1743075900,3052.588,3053.157,3051.901,3052.573,596,112,0,3053.373,3048.821,False,False,No BOS
187,1743076200,3052.566,3054.733,3052.437,3053.974,902,112,0,3053.373,3048.821,True,False,Bullish BOS
188,1743076500,3053.999,3055.534,3053.158,3054.59,775,111,0,3054.733,3049.742,False,False,No BOS
189,1743076800,3054.572,3056.0,3054.572,3054.756,779,112,0,3055.534,3051.012,False,False,No BOS
190,1743077100,3054.76,3055.093,3053.709,3054.284,589,112,0,3056.0,3051.901,False,False,No BOS
191,1743077400,3054.281,3054.609,3051.903,3053.444,960,111,0,3056.0,3051.901,False,False,No BOS
192,1743077700,3053.443,3053.644,3051.482,3053.047,865,112,0,3056.0,3051.903,False,False,No BOS
193,1743078000,3053.077,3054.329,3050.024,3050.107,1021,112,0,3056.0,3051.482,False,True,Bearish BOS
194,1743078300,3050.061,3051.3,3049.388,3051.156,910,112,0,3056.0,3050.024,False,False,No BOS
195,1743078600,3051.415,3052.113,3048.4,3050.996,911,111,0,3055.093,3049.388,False,False,No BOS
196,1743078900,3051.091,3051.593,3047.137,3049.035,1239,112,0,3054.609,3048.4,False,False,No BOS
197,1743079200,3049.076,3049.828,3047.206,3049.828,952,112,0,3054.329,3047.137,False,False,No BOS
198,1743079500,3049.805,3051.652,3049.203,3050.536,1023,112,0,3054.329,3047.137,False,False,No BOS
199,1743079800,3050.551,3050.775,3049.159,3050.017,458,112,0,3052.113,3047.137,False,False,No BOS
