SYMBOL,TIME FRAME,MAGIC,AVG CANDLE,ACTION,TP,SL,METHOD,DATA,RESULT,AMOUNT
GBPUSD,M1,10026,0.000260000000000149,sell,260.000000000149,26.0000000000149,price_action,bearish_marubozu
USDJPY,M1,10027,0.036166666666673564,buy,3616.6666666673564,361.66666666673564,price_action,doji buy
EURUSD,M1,10028,0.00020499999999978868,buy,204.99999999978868,20.49999999997887,price_action,shooting_star
GBPUSD,M1,10029,0.0004099999999997994,buy,409.9999999997994,40.99999999997994,price_action,shooting_star
USDJPY,M1,10030,0.04049999999998022,sell,4049.999999998022,404.9999999998022,price_action,bearish_marubozu
EURJPY,M1,10031,0.04566666666667629,sell,4566.666666667629,456.6666666667629,price_action,bearish_marubozu
USDJPY,M1,10032,0.05683333333334417,buy,5683.333333334417,568.3333333334417,price_action,hammer
EURJPY,M1,10033,0.04100000000002524,sell,4100.000000002524,410.0000000002524,price_action,bearish_marubozu
XAUUSD,M1,10034,1.389833333333172,sell,13898.33333333172,1389.833333333172,price_action,bearish_marubozu
GBPUSD,M1,10035,0.0004383333333330963,buy,438.33333333309633,43.83333333330963,price_action,bullish_marubozu
USDJPY,M1,10036,0.04233333333334599,sell,4233.333333334599,423.3333333334599,price_action,bearish_marubozu
GBPUSD,M1,10037,0.0003966666666666008,sell,396.6666666666008,39.66666666666008,price_action,BEARRISH ENGULFING
USDJPY,M1,10038,0.03916666666668789,buy,3916.666666668789,391.6666666668789,price_action,doji buy
GBPUSD,M1,10039,0.0004133333333335987,buy,413.33333333359866,41.33333333335987,price_action,shooting_star
EURJPY,M5,10040,0.14350000000001728,sell,14350.000000001728,1435.0000000001728,price_action,bearish_marubozu
GBPUSD,M1,10041,0.0003433333333335842,buy,343.33333333358416,34.33333333335842,price_action,hammer
USDJPY,M1,10042,0.04533333333333189,buy,4533.333333333189,453.33333333331893,price_action,bullish_marubozu
EURUSD,M1,10043,0.0003083333333333549,sell,308.33333333335486,30.83333333333549,price_action,doji sell
EURJPY,M1,10044,0.04449999999999932,buy,4449.999999999932,444.9999999999932,price_action,doji buy
GBPUSD,M1,10045,0.0003466666666667173,sell,346.66666666671733,34.66666666667173,price_action,bearish_marubozu
GBPUSD,M1,10046,0.0002866666666667683,buy,286.6666666667683,28.666666666676832,price_action,hammer
GBPUSD,M1,10047,0.0003149999999998432,buy,314.99999999984317,31.49999999998432,price_action,bullish_marubozu
GBPUSD,M1,10048,0.0003466666666667173,buy,346.66666666671733,34.66666666667173,price_action,hammer
EURJPY,M1,10049,0.05683333333331575,buy,5683.333333331575,568.3333333331575,price_action,bullish_marubozu
GBPUSD,M1,10050,0.0004033333333333111,sell,403.3333333333111,40.33333333333111,price_action,bearish_marubozu
EURUSD,M1,10051,0.00033166666666661904,buy,331.66666666661905,33.166666666661904,price_action,doji buy
USDJPY,M1,10052,0.04016666666666424,sell,4016.666666666424,401.6666666666424,price_action,doji sell
EURJPY,M1,10053,0.04200000000000159,buy,4200.000000000159,420.0000000000159,price_action,bullish_marubozu
EURUSD,M1,10054,0.0002583333333334714,buy,258.3333333334714,25.83333333334714,price_action,bullish_marubozu
USDJPY,M1,10055,0.03466666666668061,buy,3466.666666668061,346.6666666668061,price_action,BULLISH ENGULFING
GBPUSD,M1,10056,0.00032333333333345315,buy,323.33333333345314,32.333333333345315,price_action,bullish_marubozu
XAUUSD,M1,10057,0.9301666666669917,buy,9301.666666669917,930.1666666669917,price_action,shooting_star
EURJPY,M1,10058,0.04050000000003706,buy,4050.000000003706,405.0000000003706,price_action,bullish_marubozu
GBPUSD,M1,10059,0.00023999999999979593,buy,239.99999999979593,23.999999999979593,price_action,hammer
EURUSD,M1,10060,0.00022500000000014175,sell,225.00000000014177,22.500000000014175,price_action,bearish_marubozu
GBPUSD,M1,10061,0.00026999999999999247,sell,269.9999999999925,26.999999999999247,price_action,bearish_marubozu
GBPUSD,M1,10062,0.00029333333333347866,buy,293.33333333347866,29.333333333347866,price_action,bullish_marubozu
EURUSD,M1,10063,0.00022166666666656454,buy,221.66666666656454,22.166666666656454,price_action,bullish_marubozu
EURUSD,M1,10064,0.00020166666666665556,buy,201.66666666665554,20.166666666665556,price_action,bullish_marubozu
XAUUSD,M1,10065,0.7388333333328774,sell,7388.333333328774,738.8333333328774,price_action,bearish_marubozu
USDJPY,M1,10066,0.03350000000003206,buy,3350.000000003206,335.0000000003206,price_action,bullish_marubozu
USDJPY,M1,10067,0.025166666666677884,sell,2516.6666666677884,251.66666666677884,price_action,bearish_marubozu
EURJPY,M1,10068,0.030499999999989313,sell,3049.9999999989313,304.99999999989313,price_action,bearish_marubozu
EURJPY,M1,10073,0.024333333333316887,sell,2433.3333333316887,243.33333333316887,price_action,bearish_marubozu
EURJPY,H1,10074,0.26149999999998386,buy,26149.999999998385,2614.9999999998386,price_action,doji buy
XAUUSD,M1,12832,0.577666666667028,buy,6932.0000000043365,1155.333333334056,volman_strategies,
EURUSD,M1,12833,0.00011166666666673208,sell,134.0000000000785,22.333333333346417,volman_strategies,
NZDUSD,M5,12835,0.00018166666666663556,buy,400,100,ichimoku_stochastic,
EURGBP,M1,12836,1.8333333333231394e-05,buy,400,100,volman_strategies,
AUDUSD,M1,12837,3.8333333333251396e-05,sell,400,100,volman_strategies,
USDCHF,M1,12839,2.833333333340793e-05,buy,400,100,volman_strategies,
USDJPY,M1,12840,0.002999999999985903,buy,359.99999999830834,59.99999999971806,volman_strategies,
GBPJPY,M1,12841,0.04283333333336259,buy,400,100,fibonacci_price_action,
AUDUSD,M1,12842,4.66666666665283e-05,buy,400,100,volman_strategies,
USDCAD,M1,12843,5.16666666667831e-05,sell,400,100,volman_strategies,
NZDUSD,M1,12844,5.666666666681586e-05,buy,400,100,volman_strategies,
GBPJPY,M1,12845,0.037499999999994316,buy,400,100,volman_strategies,
USDCHF,M1,12846,0.00012000000000000899,buy,400,100,fibonacci_price_action,
GBPJPY,M1,12847,0.06399999999999295,buy,400,100,volman_strategies,
XAUUSD,M1,12848,0.49516666666613673,sell,1485.4999999984102,495.16666666613673,fibonacci_price_action,
USDJPY,M1,12849,0.03300000000001546,buy,3960.0000000018554,660.0000000003092,volman_strategies,
EURJPY,M1,12850,0.050666666666671745,sell,1520.0000000001523,506.66666666671745,fibonacci_price_action,
USDCHF,M1,12851,9.166666666671208e-05,buy,400,100,fibonacci_price_action,
USDCHF,M1,12852,9.499999999995623e-05,buy,400,100,fibonacci_price_action,
XAUUSD,M1,12853,0.926833333333434,sell,11122.000000001208,1853.666666666868,volman_strategies,
GBPUSD,M1,12854,0.00024500000000005073,sell,294.0000000000609,49.00000000001015,volman_strategies,
EURUSD,M1,12855,0.00017833333333316936,sell,213.99999999980324,35.66666666663387,volman_strategies,
AUDUSD,M1,12857,9.166666666660106e-05,buy,400,100,fibonacci_price_action,
XAUUSD,M1,12858,0.6979999999998654,sell,1395.9999999997308,697.9999999998654,fibonacci_price_action,
XAUUSD,M1,12859,0.5193333333331793,buy,1038.6666666663587,519.3333333331793,fibonacci_price_action,
EURGBP,M1,12860,6.0000000000060005e-05,buy,400,100,volman_strategies,
USDCHF,M1,12861,9.333333333338967e-05,sell,400,100,fibonacci_price_action,
NZDUSD,M1,12862,0.00010833333333337691,sell,400,100,fibonacci_price_action,
XAUUSD,M1,12863,1.047500000000582,buy,2095.000000001164,1047.500000000582,fibonacci_price_action,
USDJPY,M5,12864,0.08499999999997954,buy,1699.9999999995907,849.9999999997954,ichimoku_stochastic,
USDCAD,M1,12865,6.333333333374824e-05,sell,400,100,volman_strategies,
USDJPY,M1,12866,0.019500000000022055,buy,390.0000000004411,195.00000000022055,fibonacci_price_action,
GBPJPY,M1,12868,0.06016666666667447,sell,400,100,fibonacci_price_action,
USDJPY,M1,12869,0.03133333333335031,sell,626.6666666670062,313.3333333335031,fibonacci_price_action,
EURJPY,M1,12870,0.04216666666667379,buy,843.3333333334758,421.6666666667379,volman_strategies,
USDCAD,M1,12871,0.0001216666666667976,sell,400,100,volman_strategies,
USDCHF,M1,12872,6.166666666651555e-05,sell,400,100,fibonacci_price_action,
XAUUSD,M1,12873,0.6303333333330556,buy,1260.6666666661113,630.3333333330556,volman_strategies,
USDJPY,M1,12874,0.01966666666663741,buy,393.3333333327482,196.6666666663741,fibonacci_price_action,
XAUUSD,M5,12875,1.3285000000000764,sell,2657.000000000153,1328.5000000000764,ichimoku_stochastic,
AUDUSD,M1,12876,0.00014166666666670658,sell,400,100,fibonacci_price_action,
USDCHF,M1,12877,0.0001366666666665628,buy,400,100,fibonacci_price_action,
GBPUSD,M1,12878,0.00022999999999995246,sell,45.99999999999049,22.999999999995246,fibonacci_price_action,
XAUUSD,M1,12879,0.6129999999993743,sell,1225.9999999987485,612.9999999993743,fibonacci_price_action,
XAUUSD,M1,12880,0.6889999999998508,sell,1377.9999999997017,688.9999999998508,fibonacci_price_action,
GBPUSD,M1,12881,0.000460000000000127,buy,92.0000000000254,46.0000000000127,fibonacci_price_action,
EURGBP,M1,12882,0.00017166666666668107,buy,400,100,fibonacci_price_action,
EURUSD,M1,12883,0.0002483333333334059,sell,49.66666666668118,24.83333333334059,volman_strategies,
GBPJPY,M1,12884,0.05666666666667197,sell,400,100,volman_strategies,
GBPJPY,M5,12885,0.1379999999999484,buy,400,100,ichimoku_stochastic,
USDCHF,M1,12886,0.00011333333333340967,buy,400,100,fibonacci_price_action,
GBPJPY,M1,12887,0.06716666666662263,buy,400,100,fibonacci_price_action,
EURUSD,M1,12888,0.00020833333333358794,sell,41.66666666671759,20.833333333358794,fibonacci_price_action,
GBPJPY,M1,12889,0.0630000000000166,buy,400,100,fibonacci_price_action,
EURJPY,M1,12891,0.025000000000005684,buy,500.0000000001137,250.00000000005684,fibonacci_price_action,
GBPJPY,M1,12893,0.07033333333330916,buy,400,100,volman_strategies,
EURGBP,M1,12894,9.83333333333114e-05,buy,400,100,volman_strategies,
USDJPY,M1,12896,0.016000000000019554,sell,320.0000000003911,160.00000000019554,volman_strategies,
GBPJPY,M1,12897,0.023374999999987267,sell,400,100,fibonacci_price_action,
GBPUSD,M1,12900,0.0002912499999998541,buy,58.249999999970825,29.124999999985413,fibonacci_price_action,
EURGBP,M1,12902,0.00011499999999997623,buy,400,100,fibonacci_price_action,
GBPJPY,M1,12903,0.03612499999999841,buy,400,100,volman_strategies,
XAUUSD,M1,12906,0.5217499999998836,sell,1043.4999999997672,521.7499999998836,fibonacci_price_action,
EURUSD,M1,12909,0.00018625000000005443,sell,37.250000000010886,18.625000000005443,fibonacci_price_action,
XAUUSD,M1,12910,0.7098750000002383,buy,1419.7500000004766,709.8750000002383,volman_strategies,
XAUUSD,M1,12911,0.7003750000001219,buy,1400.7500000002437,700.3750000001219,fibonacci_price_action,
AUDUSD,M1,12912,7.374999999998355e-05,sell,400,100,volman_strategies,
XAUUSD,M5,12916,1.7000000000000455,sell,3400.000000000091,1700.0000000000455,boil_macd,
EURUSD,M1,12917,0.0007975000000000065,buy,159.5000000000013,79.75000000000065,fibonacci_price_action,
USDCHF,M1,12918,0.0006087499999999357,buy,400,100,fibonacci_price_action,
EURUSD,M1,12919,0.000603750000000014,sell,120.7500000000028,60.3750000000014,fibonacci_price_action,
XAUUSD,M1,12920,1.4606249999999363,sell,2921.2499999998727,1460.6249999999363,fibonacci_price_action,
GBPUSD,M1,12923,0.0004487500000001088,sell,89.75000000002176,44.87500000001088,fibonacci_price_action,
AUDUSD,M1,12925,0.00018249999999997435,sell,400,100,fibonacci_price_action,
EURJPY,M1,12927,0.024249999999994998,sell,484.99999999989996,242.49999999994998,fibonacci_price_action,
NZDUSD,M1,12933,0.00012250000000002537,buy,400,100,volman_strategies,
USDJPY,M1,12935,0.040374999999983174,sell,807.4999999996635,403.74999999983174,fibonacci_price_action,
GBPJPY,M1,12936,0.051375000000007276,sell,400,100,fibonacci_price_action,
XAUUSD,M1,12938,1.0379999999995562,buy,2075.9999999991123,1037.9999999995562,fibonacci_price_action,
USDCHF,M1,12939,0.00020749999999991608,buy,400,100,volman_strategies,
XAUUSD,M5,12940,2.1897499999997763,sell,4379.4999999995525,2189.7499999997763,ichimoku_stochastic,
EURGBP,M1,12941,0.00015249999999999986,sell,400,100,fibonacci_price_action,
GBPUSD,M1,12944,0.00034000000000000696,sell,68.00000000000139,34.000000000000696,fibonacci_price_action,
GBPUSD,M1,12945,0.00030249999999998334,sell,60.49999999999667,30.249999999998334,fibonacci_price_action,
AUDUSD,M5,12946,0.00033125000000000515,buy,400,100,ichimoku_stochastic,
USDCAD,M5,12947,0.00048375000000011603,sell,400,100,ichimoku_stochastic,
GBPUSD,M5,12948,0.0006800000000000139,buy,136.00000000000279,68.00000000000139,ichimoku_stochastic,
GBPJPY,M1,12949,0.05087499999999068,buy,400,100,fibonacci_price_action,
AUDUSD,M5,12950,0.00031250000000004885,buy,400,100,ichimoku_stochastic,
AUDUSD,M5,12951,0.0003262499999999724,buy,400,100,ichimoku_stochastic,
USDCAD,M5,12952,0.0004787500000000833,sell,400,100,ichimoku_stochastic,
USDJPY,M1,12953,0.025000000000005684,sell,500.0000000001137,250.00000000005684,fibonacci_price_action,
GBPJPY,M5,12954,0.10037500000001387,buy,400,100,ichimoku_stochastic,
GBPUSD,M5,12955,0.0005887499999999157,buy,117.74999999998315,58.87499999999157,ichimoku_stochastic,
USDCAD,M5,12956,0.00042250000000021437,sell,400,100,ichimoku_stochastic,
XAUUSD,M5,12957,1.1801250000000891,buy,2360.2500000001783,1180.1250000000891,ichimoku_stochastic,
EURUSD,M1,12958,0.00016999999999989246,buy,33.99999999997849,16.999999999989246,volman_strategies,
EURGBP,M1,12959,5.500000000002725e-05,sell,400,100,fibonacci_price_action,
USDJPY,M5,12961,0.02775000000001171,buy,555.0000000002342,277.5000000001171,ichimoku_stochastic,
NZDUSD,M5,12962,0.00016750000000004261,sell,400,100,ichimoku_stochastic,
EURGBP,M1,12963,4.375000000000906e-05,sell,400,100,fibonacci_price_action,
USDCAD,M1,12965,9.124999999987615e-05,sell,400,100,fibonacci_price_action,
EURGBP,M5,12966,0.00011249999999995985,sell,400,100,ichimoku_stochastic,
USDCAD,M5,12967,0.0002337500000002546,sell,400,100,ichimoku_stochastic,
AUDUSD,M5,12968,0.00017125000000006718,buy,400,100,ichimoku_stochastic,
USDCAD,M5,12970,0.0002587500000001963,sell,400,100,ichimoku_stochastic,
AUDUSD,M5,12971,0.00017375000000002805,buy,400,100,ichimoku_stochastic,
AUDUSD,M5,12972,0.00017500000000003624,buy,400,100,ichimoku_stochastic,
USDJPY,M1,12974,0.01212500000001171,sell,242.5000000002342,121.2500000001171,volman_strategies,
EURGBP,M1,12976,3.62499999998489e-05,sell,400,100,volman_strategies,
GBPJPY,M1,12977,0.016625000000004775,sell,400,100,volman_strategies,
USDCAD,M1,12978,9.375000000000355e-05,sell,400,100,fibonacci_price_action,
EURGBP,M1,12979,1.6250000000050946e-05,sell,400,100,volman_strategies,
USDCAD,M1,12981,6.750000000010914e-05,sell,400,100,fibonacci_price_action,
USDCHF,M1,12982,3.375000000005457e-05,sell,400,100,volman_strategies,
NZDUSD,M1,12983,3.0000000000030003e-05,sell,400,100,volman_strategies,
NZDUSD,M1,12984,2.4999999999997247e-05,sell,400,100,volman_strategies,
USDCHF,M1,12988,5.249999999989985e-05,sell,400,100,volman_strategies,
EURJPY,M1,12989,0.018125000000011937,sell,362.50000000023874,181.25000000011937,fibonacci_price_action,
EURJPY,M1,12990,0.016375000000010687,sell,327.50000000021373,163.75000000010687,fibonacci_price_action,
USDJPY,M1,12991,0.011999999999986244,buy,239.99999999972488,119.99999999986244,volman_strategies,
EURGBP,M1,12992,1.6250000000050946e-05,buy,400,100,volman_strategies,
XAUUSD,M1,12993,0.36275000000000546,sell,725.5000000000109,362.75000000000546,fibonacci_price_action,
EURJPY,M1,12994,0.03437499999999716,buy,687.4999999999432,343.7499999999716,fibonacci_price_action,
USDCHF,M1,12995,4.625000000002544e-05,sell,400,100,fibonacci_price_action,
EURGBP,M1,12996,1.8750000000067324e-05,buy,400,100,volman_strategies,
USDCHF,M1,12999,4.124999999999268e-05,buy,400,100,fibonacci_price_action,
EURGBP,M1,13001,4.499999999996174e-05,sell,400,100,fibonacci_price_action,
NZDUSD,M5,13002,0.00010999999999999899,buy,400,100,ichimoku_stochastic,
NZDUSD,M5,13003,0.00012250000000008088,buy,400,100,ichimoku_stochastic,
AUDUSD,M1,13004,5.500000000002725e-05,buy,400,100,volman_strategies,
USDJPY,M1,13007,0.03012499999999818,sell,602.4999999999636,301.2499999999818,volman_strategies,
AUDUSD,M1,13008,7.624999999999993e-05,sell,400,100,fibonacci_price_action,
USDJPY,M1,13009,0.01449999999998397,buy,289.9999999996794,144.9999999998397,fibonacci_price_action,
NZDUSD,M1,13010,3.249999999999087e-05,sell,400,100,volman_strategies,
EURGBP,M1,13011,3.500000000000725e-05,buy,400,100,volman_strategies,
NZDUSD,M5,13012,0.00010875000000004631,sell,400,100,ichimoku_stochastic,
AUDUSD,M1,13013,6.0000000000004494e-05,sell,400,100,fibonacci_price_action,
USDCAD,M5,13014,0.00011499999999986521,buy,400,100,ichimoku_stochastic,
EURGBP,M1,13015,3.500000000000725e-05,sell,400,100,volman_strategies,
EURJPY,M1,13016,0.015000000000000568,buy,300.00000000001137,150.00000000000568,volman_strategies,
USDCHF,M1,13018,5.500000000002725e-05,buy,400,100,fibonacci_price_action,
USDCHF,M1,13019,0.00011125000000000718,buy,400,100,fibonacci_price_action,
EURGBP,M1,13020,0.00018249999999997435,buy,400,100,fibonacci_price_action,
XAUUSD,M1,13021,0.6131249999996271,buy,2452.4999999985084,1226.2499999992542,fibonacci_price_action,
XAUUSD,M1,13024,0.5812499999999545,buy,2324.999999999818,1162.499999999909,fibonacci_price_action,
USDCHF,M5,13025,0.0003500000000000725,sell,400,100,ichimoku_stochastic,
XAUUSD,M1,13026,0.42400000000020555,buy,1696.0000000008222,848.0000000004111,fibonacci_price_action,
XAUUSD,M1,13027,0.5426249999995889,buy,2170.4999999983556,1085.2499999991778,fibonacci_price_action,
USDJPY,M1,13028,0.02049999999999841,buy,819.9999999999363,409.99999999996817,volman_strategies,
NZDUSD,M1,13029,4.999999999999449e-05,sell,400,100,volman_strategies,
EURUSD,M5,13030,0.00031124999999998515,buy,124.49999999999406,62.24999999999703,ichimoku_stochastic,
EURJPY,M1,13031,0.02374999999999261,buy,949.9999999997044,474.9999999998522,fibonacci_price_action,
AUDUSD,M5,13032,0.00020750000000008262,buy,400,100,ichimoku_stochastic,
USDCAD,M5,13033,0.00029999999999996696,sell,400,100,ichimoku_stochastic,
GBPUSD,M5,13034,0.000540000000000207,buy,216.0000000000828,108.0000000000414,ichimoku_stochastic,
GBPUSD,M5,13035,0.00048124999999998863,buy,192.49999999999545,96.24999999999773,ichimoku_stochastic,
EURUSD,M1,13036,0.00013125000000002718,buy,52.50000000001087,26.250000000005436,volman_strategies,
AUDUSD,M1,13037,9.000000000009001e-05,buy,400,100,fibonacci_price_action,
EURJPY,M1,13038,0.03587500000000432,sell,1435.0000000001728,717.5000000000864,fibonacci_price_action,
USDCAD,M1,13039,6.499999999998174e-05,buy,400,100,volman_strategies,
XAUUSD,M1,13040,0.2776249999999436,buy,1110.4999999997744,555.2499999998872,volman_strategies,
GBPUSD,M5,13042,0.0002387500000000653,sell,95.50000000002612,47.75000000001306,ichimoku_stochastic,
XAUUSD,M1,13044,0.27100000000018554,sell,1084.0000000007421,542.0000000003711,fibonacci_price_action,
GBPUSD,M1,13046,,buy,,,fibonacci_price_action,
XAUUSD,M1,13048,0.25575000000003456,buy,1023.0000000001382,511.5000000000691,fibonacci_price_action,
EURGBP,M1,13050,1.6250000000050946e-05,sell,400,100,volman_strategies,
EURGBP,M1,13052,3.7500000000023626e-05,sell,400,100,volman_strategies,
XAUUSD,M1,13054,0.4438749999999345,sell,1775.499999999738,887.749999999869,fibonacci_price_action,
XAUUSD,M1,13056,0.3421249999998963,buy,1368.4999999995853,684.2499999997926,fibonacci_price_action,
EURUSD,M5,13058,0.00017000000000000348,sell,68.00000000000139,34.000000000000696,ichimoku_stochastic,
EURUSD,M5,13060,0.00018500000000010175,sell,74.0000000000407,37.00000000002035,ichimoku_stochastic,
NZDUSD,M1,13062,0.0001174999999999371,buy,400,100,fibonacci_price_action,
EURJPY,M1,13064,0.033124999999984084,buy,1324.9999999993634,662.4999999996817,fibonacci_price_action,
USDJPY,M1,13068,0.02049999999999841,sell,819.9999999999363,409.99999999996817,fibonacci_price_action,
EURGBP,M1,13070,6.249999999996536e-05,buy,400,100,volman_strategies,
EURGBP,M1,13072,4.625000000002544e-05,sell,400,100,volman_strategies,
EURUSD,M1,13074,0.00010124999999994166,buy,40.499999999976666,20.249999999988333,fibonacci_price_action,
GBPUSD,M1,13076,0.0001612500000001127,buy,64.50000000004508,32.25000000002254,fibonacci_price_action,
EURUSD,M1,13078,0.00021375000000001254,buy,85.50000000000502,42.75000000000251,volman_strategies,
AUDUSD,M1,13080,7.500000000004725e-05,sell,400,100,volman_strategies,
EURUSD,M1,13082,0.00017375000000008356,sell,69.50000000003342,34.75000000001671,volman_strategies,
EURUSD,M1,13084,0.00014999999999987246,buy,59.99999999994898,29.99999999997449,fibonacci_price_action,
EURGBP,M1,13086,6.250000000007638e-05,sell,400,100,fibonacci_price_action,
NZDUSD,M1,13088,6.249999999996536e-05,buy,400,100,volman_strategies,
XAUUSD,M1,13090,0.5312500000002274,sell,2125.0000000009095,1062.5000000004547,fibonacci_price_action,
AUDUSD,M1,13092,8.249999999998536e-05,sell,400,100,fibonacci_price_action,
USDCAD,M1,13094,9.000000000014552e-05,sell,400,100,fibonacci_price_action,
NZDUSD,M1,13096,6.749999999999812e-05,sell,400,100,fibonacci_price_action,
USDCHF,M5,13098,0.00020124999999993065,sell,400,100,ichimoku_stochastic,
EURUSD,M1,13100,0.00012500000000004174,buy,50.0000000000167,25.00000000000835,volman_strategies,
GBPUSD,M1,13103,0.00015375000000006356,buy,61.50000000002542,30.75000000001271,volman_strategies,
AUDUSD,M1,13105,3.7500000000023626e-05,sell,400,100,fibonacci_price_action,
XAUUSD,M1,13107,0.45125000000030013,buy,1805.0000000012005,902.5000000006003,volman_strategies,
XAUUSD,M1,13109,0.3780000000003838,buy,1512.0000000015352,756.0000000007676,fibonacci_price_action,
EURGBP,M1,13113,5.0000000000105516e-05,sell,400,100,fibonacci_price_action,
USDCHF,M1,13115,4.999999999999449e-05,sell,400,100,fibonacci_price_action,
XAUUSD,M1,13117,0.4307499999997617,sell,1722.9999999990468,861.4999999995234,fibonacci_price_action,
GBPUSD,M1,13119,0.0001362499999999489,sell,54.499999999979565,27.249999999989782,fibonacci_price_action,
USDJPY,M5,13121,0.04600000000000648,sell,1840.0000000002592,920.0000000001296,ichimoku_stochastic,
EURGBP,M1,13123,5.8749999999996305e-05,sell,400,100,fibonacci_price_action,
XAUUSD,M1,13125,0.47212500000000546,buy,1888.5000000000218,944.2500000000109,volman_strategies,
XAUUSD,M1,13128,0.7503750000000764,sell,3001.5000000003056,1500.7500000001528,fibonacci_price_action,
GBPUSD,M1,13131,0.00010750000000014914,sell,43.00000000005966,21.50000000002983,fibonacci_price_action,
EURGBP,M1,13133,4.999999999999449e-05,buy,400,100,fibonacci_price_action,
EURUSD,M1,13135,,buy,,,fibonacci_price_action,
XAUUSD,M1,13137,0.607124999999769,sell,2428.499999999076,1214.249999999538,volman_strategies,
EURGBP,M1,13140,0.00010375000000006906,sell,400,100,fibonacci_price_action,
USDCAD,M1,13148,0.00017874999999989427,sell,400,100,fibonacci_price_action,
GBPUSD,M1,13150,0.00021125000000010719,buy,84.50000000004287,42.25000000002144,fibonacci_price_action,
XAUUSD,M1,13153,1.0836249999999836,buy,4334.4999999999345,2167.2499999999673,fibonacci_price_action,
EURJPY,M1,13156,0.02549999999997965,sell,1019.999999999186,509.999999999593,volman_strategies,
NZDUSD,M1,13159,0.00030000000000002247,buy,400,100,fibonacci_price_action,
GBPUSD,M1,13161,0.0004949999999999122,buy,197.99999999996487,98.99999999998244,fibonacci_price_action,
USDJPY,M1,13163,0.043250000000000455,sell,1730.0000000000182,865.0000000000091,fibonacci_price_action,
EURJPY,M1,13165,0.04612499999998931,sell,1844.9999999995725,922.4999999997863,fibonacci_price_action,
USDJPY,M1,13169,0.0363749999999925,buy,1454.9999999996999,727.4999999998499,fibonacci_price_action,
GBPUSD,M1,13171,0.00023874999999995428,sell,95.49999999998171,47.749999999990855,fibonacci_price_action,
USDJPY,M1,13173,0.04075000000001694,buy,1630.0000000006776,815.0000000003388,fibonacci_price_action,
USDJPY,M1,13175,0.04100000000001103,buy,1640.000000000441,820.0000000002206,fibonacci_price_action,
NZDUSD,M1,13178,9.749999999997261e-05,sell,400,100,fibonacci_price_action,
GBPUSD,M1,13180,0.0002587500000000853,buy,103.50000000003412,51.75000000001706,volman_strategies,
USDCAD,M1,13182,0.0003874999999999851,buy,400,100,fibonacci_price_action,
XAUUSD,M1,13184,0.9087500000002819,sell,3635.000000001128,1817.500000000564,volman_strategies,
USDCHF,M1,13187,0.00012250000000002537,buy,400,100,fibonacci_price_action,
EURGBP,M1,13189,0.0001312500000001382,sell,400,100,volman_strategies,
XAUUSD,M1,13192,0.8759999999999764,buy,3503.9999999999054,1751.9999999999527,fibonacci_price_action,
XAUUSD,M1,13194,0.8117500000000746,sell,3247.0000000002983,1623.5000000001492,volman_strategies,
EURJPY,M5,13196,0.08425000000001148,sell,3370.0000000004593,1685.0000000002296,ichimoku_stochastic,
NZDUSD,M1,13198,0.00010250000000000536,buy,400,100,fibonacci_price_action,
EURJPY,M1,13200,0.030875000000008868,buy,1235.0000000003547,617.5000000001774,fibonacci_price_action,
GBPUSD,M1,13202,0.0001787500000000053,sell,71.50000000000212,35.75000000000106,fibonacci_price_action,
EURUSD,M5,13205,0.0003649999999999487,buy,145.99999999997948,72.99999999998974,ichimoku_stochastic,
USDCHF,M1,13207,0.00015249999999999986,buy,400,100,fibonacci_price_action,
AUDUSD,M5,13209,0.00022499999999997522,buy,400,100,ichimoku_stochastic,
